slug,arquivo_original,credito,tamanho_original
alimentos-proibidos-para-cachorro,alimentos-proibidos-para-cachorro.jpg,Foto: cottonbro studio via Pexels,940x627
ansiedade-de-separacao-em-caes,ansiedade-de-separacao-em-caes.jpg,Foto: Diana ✨ via Pexels,940x627
arranhador-para-gato-qual-escolher,arranhador-para-gato-qual-escolher.jpg,Foto: Melike  B via Pexels,940x627
brinquedos-para-cachorro-que-fica-sozinho,brinquedos-para-cachorro-que-fica-sozinho.jpg,Foto: Barnabas Davoti via Pexels,940x627
cachorro-latindo-muito-o-que-fazer,cachorro-latindo-muito-o-que-fazer.jpg,Foto: JacLou- DL via Pexels,940x628
caixa-de-transporte-para-gato,caixa-de-transporte-para-gato.jpg,Foto: Bunkac Bebec via Pexels,940x627
coleira-ou-peitoral-para-cachorro,coleira-ou-peitoral-para-cachorro.jpg,Foto: Ayyeee Ayyeee via Pexels,940x627
como-cortar-unha-de-cachorro,como-cortar-unha-de-cachorro.jpg,Foto: Inge Van den Heuvel via Pexels,940x627
como-dar-banho-em-gato,como-dar-banho-em-gato.jpg,Foto: Nadejda Bostanova via Pexels,867x650
como-ensinar-cachorro-a-fazer-xixi-no-lugar-certo,como-ensinar-cachorro-a-fazer-xixi-no-lugar-certo.jpg,Foto: Tanya Gorelova via Pexels,940x627
como-escovar-os-dentes-do-cachorro,como-escovar-os-dentes-do-cachorro.jpg,Foto: Suvan Chowdhury via Pexels,940x627
como-limpar-caixa-de-areia-do-gato,como-limpar-caixa-de-areia-do-gato.jpg,Foto: 大 董 via Pexels,940x628
como-socializar-filhote-de-gato,como-socializar-filhote-de-gato.jpg,Foto: Alexey Demidov via Pexels,940x627
como-trocar-a-racao-do-cachorro,como-trocar-a-racao-do-cachorro.jpg,Foto: Mathew Coulton via Pexels,940x627
enxoval-para-filhote-de-cachorro,enxoval-para-filhote-de-cachorro.jpg,Foto: Erwin Bosman via Pexels,940x627
gato-arranhando-o-sofa,gato-arranhando-o-sofa.jpg,Foto: Craig Adderley via Pexels,940x627
primeiros-dias-do-filhote-em-casa,primeiros-dias-do-filhote-em-casa.jpg,Foto: Kally Dru via Pexels,867x650
quantas-vezes-por-dia-alimentar-gato,quantas-vezes-por-dia-alimentar-gato.jpg,Foto: Engin Akyurt via Pexels,867x650
racao-para-filhote-de-cachorro,racao-para-filhote-de-cachorro.jpg,Foto: MART  PRODUCTION via Pexels,940x627
vacinas-para-filhote-de-cachorro,vacinas-para-filhote-de-cachorro.jpg,Foto: Sudhir Sangwan via Pexels,866x650
