site_id;pilar;termo;volume_mensal;cpc_medio;concorrencia;observacoes
pets-tutores-iniciantes;alimentacao;ração para filhote de cachorro;1 mil – 10 mil;0,90;Média;
pets-tutores-iniciantes;alimentacao;quantas vezes por dia alimentar gato;1 mil – 10 mil;0,60;Baixa;
pets-tutores-iniciantes;alimentacao;alimentos proibidos para cachorro;100 - 1 mil;0,40;Média;
pets-tutores-iniciantes;alimentacao;como trocar a ração do cachorro;1 mil – 10 mil;0,70;Baixa;
pets-tutores-iniciantes;comportamento;cachorro latindo muito o que fazer;10 mil – 100 mil;1,10;Média;
pets-tutores-iniciantes;comportamento;gato arranhando o sofá;1 mil – 10 mil;0,50;Baixa;
pets-tutores-iniciantes;comportamento;como ensinar cachorro a fazer xixi no lugar certo;1 mil – 10 mil;0,80;Média;
pets-tutores-iniciantes;comportamento;ansiedade de separação em cães;100 - 1 mil;0,30;Média;
pets-tutores-iniciantes;cuidados_diarios;como dar banho em gato;1 mil – 10 mil;0,65;Baixa;
pets-tutores-iniciantes;cuidados_diarios;como escovar os dentes do cachorro;1 mil – 10 mil;0,55;Baixa;
pets-tutores-iniciantes;cuidados_diarios;como cortar unha de cachorro;10 mil – 100 mil;0,85;Baixa;
pets-tutores-iniciantes;cuidados_diarios;como limpar caixa de areia do gato;1 mil – 10 mil;0,45;Média;
pets-tutores-iniciantes;primeiros_passos_filhotes;primeiros dias do filhote em casa;1 mil – 10 mil;0,75;Média;
pets-tutores-iniciantes;primeiros_passos_filhotes;vacinas para filhote de cachorro;1 mil – 10 mil;0,95;Média;
pets-tutores-iniciantes;primeiros_passos_filhotes;como socializar filhote de gato;100 - 1 mil;0,50;Baixa;
pets-tutores-iniciantes;primeiros_passos_filhotes;enxoval para filhote de cachorro;1 mil – 10 mil;1,20;Média;
pets-tutores-iniciantes;produtos_compras;caixa de transporte para gato;1 mil – 10 mil;1,50;Média;
pets-tutores-iniciantes;produtos_compras;arranhador para gato qual escolher;100 - 1 mil;1,10;Média;
pets-tutores-iniciantes;produtos_compras;coleira ou peitoral para cachorro;1 mil – 10 mil;1,35;Média;
pets-tutores-iniciantes;produtos_compras;brinquedos para cachorro que fica sozinho;1 mil – 10 mil;1,05;Baixa;
